Size;Offset 0; Offset 1; 
1024; 98.061111; 62.853920; 
